{
  "X": -0.006632815238574206,
  "Y": 0.015854346304988984,
  "Z": 0.44031547282463424
}