{
  "X": -0.02138761056173758,
  "Y": 0.03385279721223985,
  "Z": 0.4214333317235938
}