{
  "X": -0.03322289506510694,
  "Y": 0.08054709089914519,
  "Z": 0.5714471308111257
}