{
  "X": -0.15226149092659677,
  "Y": 0.06194720734718767,
  "Z": 0.5682998382044536
}