{
  "X": -0.001292765513495882,
  "Y": 0.036579488612236345,
  "Z": 0.6338830918968296
}