{
  "X": -0.006250090005872702,
  "Y": 0.013930136519416275,
  "Z": 0.4405620942903833
}